id,acronym,name,parent_structure_id,color_hex_triplet
1,TMv,"Tuberomammillary nucleus, ventral part",557,FF4C3E
2,SSp-m6b,"Primary somatosensory area, mouth, layer 6b",345,188064
3,sec,secondary fissure,1040,AAAAAA
4,IC,Inferior colliculus,339,FF7AFF
6,int,internal capsule,784,CCCCCC
7,PSV,Principal sensory nucleus of the trigeminal,1132,FFAE6F
8,grey,Basic cell groups and regions,997,BFDAE3
9,SSp-tr6a,"Primary somatosensory area, trunk, layer 6a",361,188064
10,SCig,"Superior colliculus, motor related, intermediate gray layer",294,FF90FF
11,plf,posterolateral fissure,1040,AAAAAA
12,IF,Interfascicular nucleus raphe,165,FFA6FF
14,im,internal medullary lamina of the thalamus,896,CCCCCC
15,PT,Parataenial nucleus,571,FF909F
16,6b,"Layer 6b, isocortex",703,8ADA87
17,SCiw,"Superior colliculus, motor related, intermediate white layer",294,FF90FF
18,nf,nodular fissure,1040,AAAAAA
19,IG,Induseum griseum,1080,7ED04B
20,ENTl2,"Entorhinal area, lateral part, layer 2",918,32B825
21,lotg,"lateral olfactory tract, general",840,CCCCCC
22,PTLp,Posterior parietal association areas,315,009FAC
23,AAA,Anterior amygdalar area,278,80C0E2
25,sif,simple fissure,1040,AAAAAA
26,SCdg,"Superior colliculus, motor related, deep gray layer",294,FF90FF
27,IGL,Intergeniculate leaflet of the lateral geniculate complex,1014,FF909F
28,ENTl6a,"Entorhinal area, lateral part, layer 6a",918,32B825
29,sttl,lateral spinothalamic tract,871,CCCCCC
30,PVa,"Periventricular hypothalamic nucleus, anterior part",157,FF5D50
31,ACA,Anterior cingulate area,315,40A666
33,VISp6a,"Primary visual area, layer 6a",385,08858C
34,icf,intercrural fissure,1040,AAAAAA
35,III,Oculomotor nucleus,323,FF90FF
36,GU1,"Gustatory areas, layer 1",1057,009C75
37,lab,longitudinal association bundle,768,CCCCCC
38,PVH,Paraventricular hypothalamic nucleus,157,FF5D50
39,ACAd,"Anterior cingulate area, dorsal part",31,40A666
41,VISpm2/3,"posteromedial visual area, layer 2/3",533,08858C
42,SCdw,"Superior colliculus, motor related, deep white layer",294,FF90FF
43,apf,ansoparamedian fissure,1040,AAAAAA
44,ILA,Infralimbic area,315,59B363
45,SPVOrdm,"Spinal nucleus of the trigeminal, oral part, rostral dorsomedial part",445,FFA5D2
46,mfbsma,mammillary related,824,CCCCCC
47,PVHam,"Paraventricular hypothalamic nucleus, magnocellular division, anterior magnocellular part",71,FF5D50
48,ACAv,"Anterior cingulate area, ventral part",31,40A666
49,ipf,intraparafloccular fissure,1040,AAAAAA
50,PRC,Precommissural nucleus,795,FF90FF
51,ILM,Intralaminar nuclei of the dorsal thalamus,856,FF909F
52,ENTl3,"Entorhinal area, lateral part, layer 3",918,32B825
53,SPVOmdmd,"Spinal nucleus of the trigeminal, oral part, middle dorsomedial part, dorsal zone",445,FFA5D2
54,mfb,medial forebrain bundle,824,CCCCCC
55,PVHap,"Paraventricular hypothalamic nucleus, parvicellular division, anterior parvicellular part",94,FF5D50
56,ACB,Nucleus accumbens,493,80CDF8
57,pms,paramedian sulcus,1040,AAAAAA
58,MT,Medial terminal nucleus of the accessory optic tract,323,FF90FF
59,IMD,Intermediodorsal nucleus of the thalamus,444,FF909F
60,ENTl6b,"Entorhinal area, lateral part, layer 6b",918,32B825
61,SPVOmdmv,"Spinal nucleus of the trigeminal, oral part, middle dorsomedial part, ventral zone",445,FFA5D2
62,mlf,medial longitudinal fascicle,832,CCCCCC
63,PVHd,"Paraventricular hypothalamic nucleus, descending division",467,FF4C3E
64,AD,Anterodorsal nucleus,239,FF909F
65,pfs,parafloccular sulcus,1040,AAAAAA
66,LT,Lateral terminal nucleus of the accessory optic tract,323,FF90FF
67,INC,Interstitial nucleus of Cajal,795,FF90FF
68,FRP1,"Frontal pole, layer 1",184,268F45
69,SPVOvl,"Spinal nucleus of the trigeminal, oral part, ventrolateral part",445,FFA5D2
70,mfbsm,midbrain related,824,CCCCCC
71,PVHm,"Paraventricular hypothalamic nucleus, magnocellular division",38,FF5D50
72,ADP,Anterodorsal preoptic nucleus,141,FF5547
73,VS,ventricular systems,997,AAAAAA
74,VISl6a,"Lateral visual area, layer 6a",409,08858C
75,DT,Dorsal terminal nucleus of the accessory optic tract,323,FF90FF
76,INV,Interstitial nucleus of the vestibular nerve,370,FFB3D9
77,SPVOcdm,"Spinal nucleus of the trigeminal, oral part, caudal dorsomedial part",445,FFA5D2
78,mcp,middle cerebellar peduncle,752,CCCCCC
79,PVHmm,"Paraventricular hypothalamic nucleus, magnocellular division, medial magnocellular part",71,FF5D50
80,AHA,Anterior hypothalamic area,141,FF5547
81,VL,lateral ventricle,73,AAAAAA
82,NLLd,"Nucleus of the lateral lemniscus, dorsal part",612,FFAE6F
83,IO,Inferior olivary complex,370,FFB3D9
84,PL6a,"Prelimbic area, layer 6a",972,2FA850
85,sct,spinocerebellar tract,812,CCCCCC
86,mtc,middle thalamic commissure,896,CCCCCC
87,PVHmpd,"Paraventricular hypothalamic nucleus, parvicellular division, medial parvicellular part, dorsal zone",94,FF5D50
88,AHN,Anterior hypothalamic nucleus,467,FF4C3E
89,RC,rhinocele,81,AAAAAA
90,NLLh,"Nucleus of the lateral lemniscus, horizontal part",612,FFAE6F
91,IP,Interposed nucleus,519,FFFDBC
92,ENTl4,"Entorhinal area, lateral part, layer 4",918,32B825
93,moV,motor root of the trigeminal nerve,901,CCCCCC
94,PVHp,"Paraventricular hypothalamic nucleus, parvicellular division",38,FF5D50
95,AI,Agranular insular area,315,219866
96,DCO,Dorsal cochlear nucleus,607,FFA5D2
97,TEa1,"Temporal association areas, layer 1",541,15B0B3
98,SEZ,subependymal zone,81,AAAAAA
99,NLLv,"Nucleus of the lateral lemniscus, ventral part",612,FFAE6F
100,IPN,Interpeduncular nucleus,165,FFA6FF
101,VCO,Ventral cochlear nucleus,607,FFA5D2
102,nst,nigrostriatal tract,760,CCCCCC
103,PVHpm,"Paraventricular hypothalamic nucleus, magnocellular division, posterior magnocellular part",71,FF5D50
104,AId,"Agranular insular area, dorsal part",95,219866
105,SOCm,"Superior olivary complex, medial part",398,FFAE6F
106,ISN,Inferior salivatory nucleus,370,FFB3D9
107,MO1,"Somatomotor areas, Layer 1",500,1F9D5A
108,chpl,choroid plexus,81,AAAAAA
109,ntt,nigrothalamic fibers,760,CCCCCC
110,PVHpv,"Paraventricular hypothalamic nucleus, parvicellular division, periventricular part",94,FF5D50
111,AIp,"Agranular insular area, posterior part",95,219866
112,CNlam,Granular lamina of the cochlear nuclei,607,FFA5D2
113,SSp-ll2/3,"Primary somatosensory area, lower limb, layer 2/3",337,188064
114,SOCl,"Superior olivary complex, lateral part",398,FFAE6F
115,IV,Trochlear nucleus,323,FF90FF
116,chfl,choroid fissure,81,AAAAAA
117,och,optic chiasm,848,CCCCCC
118,PVi,"Periventricular hypothalamic nucleus, intermediate part",157,FF5D50
119,AIv,"Agranular insular area, ventral part",95,219866
120,AIp1,"Agranular insular area, posterior part, layer 1",111,219866
121,VISl6b,"Lateral visual area, layer 6b",409,08858C
122,POR,"Superior olivary complex, periolivary region",398,FFAE6F
123,KF,Koelliker-Fuse subnucleus,867,FFAE6F
124,IVF,interventricular foramen,73,AAAAAA
125,opt,optic tract,848,CCCCCC
126,PVp,"Periventricular hypothalamic nucleus, posterior part",141,FF5547
127,AM,Anteromedial nucleus,239,FF909F
128,MRN,Midbrain reticular nucleus,323,FF90FF
129,V3,third ventricle,73,AAAAAA
130,CSm,"Superior central nucleus raphe, medial part",679,FFC395
131,LA,Lateral amygdalar nucleus,703,90EB8D
132,PL6b,"Prelimbic area, layer 6b",972,2FA850
133,PVpo,"Periventricular hypothalamic nucleus, preoptic part",141,FF5547
134,ptf,pallidotegmental fascicle,760,CCCCCC
135,AMB,Nucleus ambiguus,370,FFB3D9
136,IRN,Intermediate reticular nucleus,370,FFB3D9
137,CSl,"Superior central nucleus raphe, lateral part",679,FFC395
138,LAT,Lateral group of the dorsal thalamus,856,FF909F
139,ENTl5,"Entorhinal area, lateral part, layer 5",918,32B825
140,AQ,cerebral aqueduct,73,AAAAAA
141,PVR,Periventricular region,1097,FF5547
142,pap,pallidothalamic pathway,760,CCCCCC
143,AMBv,"Nucleus ambiguus, ventral division",135,FFB3D9
144,OT1-3,"Olfactory tubercle, layers 1-3",754,80CDF8
145,V4,fourth ventricle,73,AAAAAA
146,PRNr,Pontine reticular nucleus,1117,FFC395
147,LC,Locus ceruleus,1117,FFC395
148,GU4,"Gustatory areas, layer 4",1057,009C75
149,PVT,Paraventricular nucleus of the thalamus,571,FF909F
150,pvbh,periventricular bundle of the hypothalamus,824,CCCCCC
151,AOB,Accessory olfactory bulb,698,9DF0D2
152,PIR1-3,"Piriform area, layers 1-3",961,6ACBBA
153,V4r,lateral recess,145,AAAAAA
154,PHY,Perihypoglossal nuclei,370,FFB3D9
155,LD,Lateral dorsal nucleus of thalamus,239,FF909F
156,AUDd6a,"Dorsal auditory area, layer 6a",1011,019399
157,PVZ,Periventricular zone,1097,FF5D50
158,pc,posterior commissure,832,CCCCCC
159,AON,Anterior olfactory nucleus,698,54BF94
160,AON1,"Anterior olfactory nucleus, layer 1",159,54BF94
161,NIS,Nucleus intercalatus,154,FFB3D9
162,LDT,Laterodorsal tegmental nucleus,1117,FFC395
163,AIp2/3,"Agranular insular area, posterior part, layer 2/3",111,219866
164,c,"central canal, spinal cord/medulla",73,AAAAAA
165,RAmb,Midbrain raphe nuclei,348,FFA6FF
166,pmx,premammillary commissure,824,CCCCCC
167,AONd,"Anterior olfactory nucleus, dorsal part",159,54BF94
168,AON2,"Anterior olfactory nucleus, layer 2",159,54BF94
169,PRP,Nucleus prepositus,154,FFB3D9
170,LGd,Dorsal part of the lateral geniculate complex,1008,FF8084
171,PL1,"Prelimbic area, layer 1",972,2FA850
173,RCH,Retrochiasmatic area,290,F2483B
174,poc,preoptic commissure,824,CCCCCC
175,AONe,"Anterior olfactory nucleus, external part",159,54BF94
177,NR,Nucleus of Roller,154,FFB3D9
178,LGv,Ventral part of the lateral geniculate complex,1014,FF909F
179,ACA6a,"Anterior cingulate area, layer 6a",31,40A666
180,GU2/3,"Gustatory areas, layer 2/3",1057,009C75
181,RE,Nucleus of reuniens,571,FF909F
182,php,propriohypothalamic pathways,824,CCCCCC
183,AONl,"Anterior olfactory nucleus, lateral part",159,54BF94
184,FRP,"Frontal pole, cerebral cortex",315,268F45
185,PPYd,"Parapyramidal nucleus, deep part",1069,FFB3D9
186,LH,Lateral habenula,958,FF909F
187,GU5,"Gustatory areas, layer 5",1057,009C75
188,AOBgl,"Accessory olfactory bulb, glomerular layer",151,9DF0D2
189,RH,Rhomboid nucleus,51,FF909F
190,py,pyramid,784,CCCCCC
191,AONm,"Anterior olfactory nucleus, medial part",159,54BF94
192,COAa1,"Cortical amygdalar area, anterior part, layer 1",639,61E7B7
193,PPYs,"Parapyramidal nucleus, superficial part",1069,FFB3D9
194,LHA,Lateral hypothalamic area,290,F2483B
195,PL2,"Prelimbic area, layer 2",972,2FA850
196,AOBgr,"Accessory olfactory bulb, granular layer",151,95E4C8
197,RL,Rostral linear nucleus raphe,165,FFA6FF
198,pyd,pyramidal decussation,784,CCCCCC
199,AONpv,"Anterior olfactory nucleus, posteroventral part",159,54BF94
200,COAa2,"Cortical amygdalar area, anterior part, layer 2",639,61E7B7
201,SSp-bfd2/3,"Primary somatosensory area, barrel field, layer 2/3",329,188064
202,MV,Medial vestibular nucleus,701,FFB3D9
203,LIN,Linear nucleus of the medulla,370,FFB3D9
204,AOBmi,"Accessory olfactory bulb, mitral layer",151,9DF0D2
205,rstl,"retriculospinal tract, lateral part",855,CCCCCC
206,RM,Nucleus raphe magnus,379,FFC6E2
207,AP,Area postrema,386,FFA5D2
208,COAa3,"Cortical amygdalar area, anterior part, layer 3",639,61E7B7
209,LAV,Lateral vestibular nucleus,701,FFB3D9
210,LM,Lateral mammillary nucleus,331,FF4C3E
211,ACAd2/3,"Anterior cingulate area, dorsal part, layer 2/3",39,40A666
212,MOBgl,"Main olfactory bulb, glomerular layer",507,82C7AE
213,rstm,"retriculospinal tract, medial part",855,CCCCCC
214,RN,Red nucleus,323,FF90FF
215,APN,Anterior pretectal nucleus,1100,FF90FF
216,COApl1,"Cortical amygdalar area, posterior part, lateral zone, layer 1",655,61E7B7
217,SUV,Superior vestibular nucleus,701,FFB3D9
218,LP,Lateral posterior nucleus of the thalamus,138,FF909F
219,MO2/3,"Somatomotor areas, Layer 2/3",500,1F9D5A
220,MOBgr,"Main olfactory bulb, granule layer",507,82C7AE
221,rrt,rubroreticular tract,863,CCCCCC
222,RO,Nucleus raphe obscurus,379,FFC6E2
223,ARH,Arcuate hypothalamic nucleus,157,FF5D50
224,COApl2,"Cortical amygdalar area, posterior part, lateral zone, layer 2",655,61E7B7
225,SPIV,Spinal vestibular nucleus,701,FFB3D9
226,LPO,Lateral preoptic area,290,F2483B
227,ACA6b,"Anterior cingulate area, layer 6b",31,40A666
228,MOBipl,"Main olfactory bulb, inner plexiform layer",507,9AD2BD
229,sV,sensory root of the trigeminal nerve,901,CCCCCC
230,RPA,Nucleus raphe pallidus,379,FFC6E2
231,AT,Anterior tegmental nucleus,323,FF90FF
232,COApl3,"Cortical amygdalar area, posterior part, lateral zone, layer 3",655,61E7B7
233,VISal5,"Anterolateral visual area, layer 5",402,08858C
234,TEa4,"Temporal association areas, layer 4",541,15B0B3
235,LRN,Lateral reticular nucleus,370,FFB3D9
236,MOBmi,"Main olfactory bulb, mitral layer",507,82C7AE
237,ts,solitary tract,917,CCCCCC
238,RPO,Nucleus raphe pontis,1117,FFC395
239,ATN,Anterior group of the dorsal thalamus,856,FF909F
240,COApm1,"Cortical amygdalar area, posterior part, medial zone, layer 1",663,61E7B7
241,PTLp2/3,"Posterior parietal association areas, layer 2/3",22,009FAC
242,LS,Lateral septal nucleus,275,90CBED
243,AUDd6b,"Dorsal auditory area, layer 6b",1011,019399
244,MOBopl,"Main olfactory bulb, outer plexiform layer",507,9AD2BD
245,scrt,spinocervical tract,871,CCCCCC
246,RR,"Midbrain reticular nucleus, retrorubral area",323,FF90FF
247,AUD,Auditory areas,315,019399
248,COApm2,"Cortical amygdalar area, posterior part, medial zone, layer 2",663,61E7B7
249,AUDpo6a,"Posterior auditory area, layer 6a",1027,019399
250,LSc,"Lateral septal nucleus, caudal (caudodorsal) part",242,90CBED
251,AUDp2/3,"Primary auditory area, layer 2/3",1002,019399
252,AUDd5,"Dorsal auditory area, layer 5",1011,019399
253,shp,spinohypothalamic pathway,871,CCCCCC
254,RSP,Retrosplenial area,315,1AA698
255,AV,Anteroventral nucleus of thalamus,239,FF909F
256,COApm3,"Cortical amygdalar area, posterior part, medial zone, layer 3",663,61E7B7
257,VISpm6a,"posteromedial visual area, layer 6a",533,08858C
258,LSr,"Lateral septal nucleus, rostral (rostroventral) part",242,90CBED
259,ENTmv1,"Entorhinal area, medial part, ventral zone, layer 1",934,32B825
260,NLOT1,"Nucleus of the lateral olfactory tract, molecular layer",619,95E4C8
261,sop,spino-olivary pathway,871,CCCCCC
262,RT,Reticular nucleus of the thalamus,856,FF909F
263,AVP,Anteroventral preoptic nucleus,141,FF5547
264,ORB1,"Orbital area, layer 1",714,248A5E
266,LSv,"Lateral septal nucleus, ventral part",242,90CBED
267,DP6a,"Dorsal peduncular area, layer 6a",814,A4DAA4
268,NLOT2,"Nucleus of the lateral olfactory tract, pyramidal layer",619,95E4C8
269,VISpl2/3,"Posterolateral visual area, layer 2/3",425,08858C
270,srp,spinoreticular pathway,871,CCCCCC
271,SAG,Nucleus sagulum,339,FF7AFF
272,AVPV,Anteroventral periventricular nucleus,141,FF5547
274,RSPd6a,"Retrosplenial area, dorsal part, layer 6a",879,1AA698
275,LSX,Lateral septal complex,477,90CBED
276,PIR1,"Piriform area, molecular layer",961,6ACBBA
277,stp,spinotectal pathway,871,CCCCCC
278,sAMY,Striatum-like amygdalar nuclei,477,80C0E2
279,RSPagl6b,"Retrosplenial area, lateral agranular part, layer 6b",894,1AA698
280,B,Barrington's nucleus,987,FFBA86
281,VISam1,"Anteromedial visual area, layer 1",394,08858C
283,LTN,Lateral tegmental nucleus,987,FFBA86
284,PIR2,"Piriform area, pyramidal layer",961,6ACBBA
285,step,spinotelenchephalic pathway,871,CCCCCC
286,SCH,Suprachiasmatic nucleus,141,FF5547
287,BAC,Bed nucleus of the anterior commissure,809,B3C0DF
288,ORBvl2/3,"Orbital area, ventrolateral part, layer 2/3",746,248A5E
289,TEa5,"Temporal association areas, layer 5",541,15B0B3
290,LZ,Hypothalamic lateral zone,1097,F2483B
291,PIR3,"Piriform area, polymorph layer",961,6ACBBA
292,BA,Bed nucleus of the accessory olfactory tract,278,80C0E2
293,svp,spinovestibular pathway,871,CCCCCC
294,SCm,"Superior colliculus, motor related",323,FF90FF
295,BLA,Basolateral amygdalar nucleus,703,9DE79C
296,ACAv2/3,"Anterior cingulate area, ventral part, layer 2/3",48,40A666
297,TTd1-4,"Taenia tecta, dorsal part, layers 1-4",597,62D09F
298,MA,Magnocellular nucleus,835,A2B1D8
299,MO5,"Somatomotor areas, Layer 5",500,1F9D5A
300,LGvl,"Ventral part of the lateral geniculate complex, lateral zone",178,FF909F
301,st,stria terminalis,768,CCCCCC
302,SCs,"Superior colliculus, sensory related",339,FF7AFF
303,BLAa,"Basolateral amygdalar nucleus, anterior part",295,9DE79C
304,PL2/3,"Prelimbic area, layer 2/3",972,2FA850
305,VISp6b,"Primary visual area, layer 6b",385,08858C
306,TTv1-3,"Taenia tecta, ventral part, layers 1-3",605,62D09F
307,MARN,Magnocellular reticular nucleus,370,FFB3D9
308,PTLp6a,"Posterior parietal association areas, layer 6a",22,009FAC
309,snp,striatonigral pathway,760,CCCCCC
310,SF,Septofimbrial nucleus,275,90CBED
311,BLAp,"Basolateral amygdalar nucleus, posterior part",295,9DE79C
312,ENTl4/5,"Entorhinal area, lateral part, layer 4/5",918,32B825
313,MB,Midbrain,343,FF64FF
314,AIp6a,"Agranular insular area, posterior part, layer 6a",111,219866
315,Isocortex,Isocortex,695,70FF71
316,LGvm,"Ventral part of the lateral geniculate complex, medial zone",178,FF909F
317,stf,subthalamic fascicle,760,CCCCCC
318,SG,Supragenual nucleus,987,FFBA86
319,BMA,Basomedial amygdalar nucleus,703,84EA81
320,MOp1,"Primary motor area, Layer 1",985,1F9D5A
321,SubG,Subgeniculate nucleus,1014,FF909F
322,SSp,Primary somatosensory area,453,188064
323,MBmot,"Midbrain, motor related",313,FF90FF
324,ENTmv2,"Entorhinal area, medial part, ventral zone, layer 2",934,32B825
325,SGN,Suprageniculate nucleus,138,FF909F
326,scp,superior cerebelar peduncles,752,CCCCCC
327,BMAa,"Basomedial amygdalar nucleus, anterior part",319,84EA81
328,AId2/3,"Agranular insular area, dorsal part, layer 2/3",104,219866
329,SSp-bfd,"Primary somatosensory area, barrel field",322,188064
330,RSPd6b,"Retrosplenial area, dorsal part, layer 6b",879,1AA698
331,MBO,Mammillary body,467,FF4C3E
332,ASO,Accessory supraoptic group,157,FF5D50
333,SH,Septohippocampal nucleus,275,90CBED
334,BMAp,"Basomedial amygdalar nucleus, posterior part",319,84EA81
335,PERI6a,"Perirhinal area, layer 6a",922,0E9684
336,csc,superior colliculus commissure,848,CCCCCC
337,SSp-ll,"Primary somatosensory area, lower limb",322,188064
338,SFO,Subfornical organ,141,FF5547
339,MBsen,"Midbrain, sensory related",313,FF7AFF
340,PTLp6b,"Posterior parietal association areas, layer 6b",22,009FAC
341,smd,supramammillary decussation,824,CCCCCC
342,SI,Substantia innominata,835,A2B1D8
343,BS,Brain stem,8,FF7080
344,AIp5,"Agranular insular area, posterior part, layer 5",111,219866
345,SSp-m,"Primary somatosensory area, mouth",322,188064
346,SSp2/3,"Primary somatosensory area, layer 2/3",322,188064
347,SBPV,Subparaventricular zone,141,FF5547
348,MBsta,"Midbrain, behavioral state related",313,FF90FF
349,sup,supraoptic commissures,824,CCCCCC
350,SLC,Subceruleus nucleus,1117,FFC395
351,BST,Bed nuclei of the stria terminalis,809,B3C0DF
352,ORB5,"Orbital area, layer 5",714,248A5E
353,SSp-n,"Primary somatosensory area, nose",322,188064
354,MY,Medulla,1065,FF9BCD
355,AIp6b,"Agranular insular area, posterior part, layer 6b",111,219866
356,PST,Preparasubthalamic nucleus,290,F2483B
357,ttp,tectothalamic pathway,848,CCCCCC
358,SLD,Sublaterodorsal nucleus,1117,FFC395
359,BSTa,"Bed nuclei of the stria terminalis, anterior division",351,B3C0DF
360,DP2/3,"Dorsal peduncular area, layer 2/3",814,A4DAA4
361,SSp-tr,"Primary somatosensory area, trunk",322,188064
362,MD,Mediodorsal nucleus of thalamus,444,FF909F
363,PL5,"Prelimbic area, layer 5",972,2FA850
364,PSTN,Parasubthalamic nucleus,290,F2483B
365,tp,thalamic peduncles,896,CCCCCC
366,SMT,Submedial nucleus of the thalamus,444,FF909F
367,BSTp,"Bed nuclei of the stria terminalis, posterior division",351,B3C0DF
368,PERI6b,"Perirhinal area, layer 6b",922,0E9684
369,SSp-ul,"Primary somatosensory area, upper limb",322,188064
370,MY-mot,"Medulla, motor related",354,FFB3D9
371,ENTmv3,"Entorhinal area, medial part, ventral zone, layer 3",934,32B825
372,ICB,Infracerebellar nucleus,370,FFB3D9
373,tct,trigeminocerebellar tract,752,CCCCCC
374,SNc,"Substantia nigra, compact part",348,FFA6FF
375,CA,Ammon's horn,1080,7ED04B
376,COApl1-3,"Cortical amygdalar area, posterior part, lateral zone, layers 1-3",655,61E7B7
377,VISpl6a,"Posterolateral visual area, layer 6a",425,08858C
378,SSs,Supplemental somatosensory area,453,188064
379,MY-sat,"Medulla, behavioral state related",354,FFC6E2
380,cuf,cuneate fascicle,514,CCCCCC
381,SNr,"Substantia nigra, reticular part",323,FF90FF
382,CA1,Field CA1,375,7ED04B
383,COApm1-3,"Cortical amygdalar area, posterior part, medial zone, layers 1-3",663,61E7B7
384,IVd,trochlear nerve decussation,911,CCCCCC
385,VISp,Primary visual area,669,08858C
386,MY-sen,"Medulla, sensory related",354,FFA5D2
387,ENTl5/6,"Entorhinal area, lateral part, layer 5/6",918,32B825
388,grf,gracile fascicle,514,CCCCCC
389,sttv,ventral spinothalamic tract,871,CCCCCC
390,SO,Supraoptic nucleus,157,FF5D50
391,CA1slm,"Field CA1, stratum lacunosum-moleculare",382,7ED04B
392,NLOT1-3,"Nucleus of the lateral olfactory tract, layers 1-3",619,95E4C8
393,VISpl6b,"Posterolateral visual area, layer 6b",425,08858C
394,VISam,Anteromedial visual area,669,08858C
395,MDRN,Medullary reticular nucleus,370,FFB3D9
396,iaf,internal arcuate fibers,514,CCCCCC
397,vtd,ventral tegmental decussation,863,CCCCCC
398,SOC,Superior olivary complex,1132,FFAE6F
399,CA1so,"Field CA1, stratum oriens",382,7ED04B
400,PAA1-3,"Piriform-amygdalar area, layers 1-3",788,59DAAB
401,VISam4,"Anteromedial visual area, layer 4",394,08858C
402,VISal,Anterolateral visual area,669,08858C
403,MEA,Medial amygdalar nucleus,278,80C0E2
404,oct,olivocerebellar tract,490,CCCCCC
405,vlt,ventrolateral hypothalamic tract,824,CCCCCC
406,SPF,Subparafascicular nucleus,864,FF8084
407,CA1sp,"Field CA1, pyramidal layer",382,66A83D
408,PAA1,"Piriform-amygdalar area, molecular layer",788,59DAAB
409,VISl,Lateral visual area,669,08858C
410,rct,reticulocerebellar tract,490,CCCCCC
411,MEAad,"Medial amygdalar nucleus, anterodorsal part",403,80C0E2
412,ORBl2/3,"Orbital area, lateral part, layer 2/3",723,248A5E
413,vVIIIn,vestibular nerve,933,CCCCCC
414,SPFm,"Subparafascicular nucleus, magnocellular part",406,FF8084
415,CA1sr,"Field CA1, stratum radiatum",382,7ED04B
416,PAA2,"Piriform-amygdalar area, pyramidal layer",788,59DAAB
417,VISrl,Rostrolateral visual area,22,009FAC
418,MEAav,"Medial amygdalar nucleus, anteroventral part",403,80C0E2
419,ENTmv4,"Entorhinal area, medial part, ventral zone, layer 4",934,32B825
420,db,precommissural fornix diagonal band,745,CCCCCC
421,VISl1,"Lateral visual area, layer 1",409,08858C
422,SPFp,"Subparafascicular nucleus, parvicellular part",406,FF8084
423,CA2,Field CA2,375,7ED04B
424,PAA3,"Piriform-amygdalar area, polymorph layer",788,59DAAB
425,VISpl,Posterolateral visual area,669,08858C
426,MEApd,"Medial amygdalar nucleus, posterodorsal part",403,80C0E2
427,ECT2/3,Ectorhinal area/Layer 2/3,895,0D9F91
428,mct,medial corticohypothalamic tract,737,CCCCCC
429,SPVC,"Spinal nucleus of the trigeminal, caudal part",386,FFA5D2
430,RSPv2/3,"Retrosplenial area, ventral part, layer 2/3",886,1AA698
431,CA2slm,"Field CA2, stratum lacunosum-moleculare",423,7ED04B
432,NC,Nucleus circularis,332,FF5D50
433,VISam5,"Anteromedial visual area, layer 5",394,08858C
434,RSPd2/3,"Retrosplenial area, dorsal part, layer 2/3",879,1AA698
435,MEApv,"Medial amygdalar nucleus, posteroventral part",403,80C0E2
436,fx,columns of the fornix,737,CCCCCC
437,SPVI,"Spinal nucleus of the trigeminal, interpolar part",386,FFA5D2
438,CA2so,"Field CA2, stratum oriens",423,7ED04B
439,PVHdp,"Paraventricular hypothalamic nucleus, descending division, dorsal parvicellular part",63,FF4C3E
440,ORBl6a,"Orbital area, lateral part, layer 6a",723,248A5E
441,VISam6b,"Anteromedial visual area, layer 6b",394,08858C
442,RSPd1,"Retrosplenial area, dorsal part, layer 1",879,1AA698
443,dhc,dorsal hippocampal commissure,618,CCCCCC
444,MED,Medial group of the dorsal thalamus,856,FF909F
445,SPVO,"Spinal nucleus of the trigeminal, oral part",386,FFA5D2
446,CA2sp,"Field CA2, pyramidal layer",423,66A83D
447,PVHf,"Paraventricular hypothalamic nucleus, descending division, forniceal part",63,FF4C3E
448,ORBl1,"Orbital area, lateral part, layer 1",723,248A5E
449,vhc,ventral hippocampal commissure,618,CCCCCC
450,SSp-ul1,"Primary somatosensory area, upper limb, layer 1",369,188064
451,BLAv,"Basolateral amygdalar nucleus, ventral part",295,9DE79C
452,MEPO,Median preoptic nucleus,141,FF5547
453,SS,Somatosensory areas,315,188064
454,CA2sr,"Field CA2, stratum radiatum",423,7ED04B
455,PVHlp,"Paraventricular hypothalamic nucleus, descending division, lateral parvicellular part",63,FF4C3E
456,AUDpo6b,"Posterior auditory area, layer 6b",1027,019399
457,VIS6a,"Visual areas, layer 6a",669,08858C
458,OT1,"Olfactory tubercle, molecular layer",754,80CDF8
459,aolt,accessory olfactory tract,21,CCCCCC
460,MEV,Midbrain trigeminal nucleus,339,FF7AFF
461,SSp-tr6b,"Primary somatosensory area, trunk, layer 6b",361,188064
462,SSN,Superior salivatory nucleus,987,FFBA86
463,CA3,Field CA3,375,7ED04B
464,PVHmpv,"Paraventricular hypothalamic nucleus, descending division, medial parvicellular part, ventral zone",63,FF4C3E
465,OT2,"Olfactory tubercle, pyramidal layer",754,80CDF8
466,alv,alveus,1099,CCCCCC
467,MEZ,Hypothalamic medial zone,1097,FF4C3E
468,ENTm2a,"Entorhinal area, medial part, dorsal zone, layer 2a",926,32B825
469,VISpm6b,"posteromedial visual area, layer 6b",533,08858C
470,STN,Subthalamic nucleus,290,F2483B
471,CA3slm,"Field CA3, stratum lacunosum-moleculare",463,7ED04B
472,MEApd-a,"Medial amygdalar nucleus, posterodorsal part, sublayer a",426,80C0E2
473,OT3,"Olfactory tubercle, polymorph layer",754,80CDF8
474,ab,angular path,1099,CCCCCC
475,MG,Medial geniculate complex,1008,FF8084
476,ORB6a,"Orbital area, layer 6a",714,248A5E
477,STR,Striatum,623,98D6F9
478,SSp-ll6a,"Primary somatosensory area, lower limb, layer 6a",337,188064
479,CA3slu,"Field CA3, stratum lucidum",463,7ED04B
480,MEApd-b,"Medial amygdalar nucleus, posterodorsal part, sublayer b",426,80C0E2
481,isl,Islands of Calleja,754,80CDF8
482,bic,brachium of the inferior colliculus,948,CCCCCC
483,MH,Medial habenula,958,FF909F
484,ORBm1,"Orbital area, medial part, layer 1",731,248A5E
485,STRd,Striatum dorsal region,477,98D6F9
486,CA3so,"Field CA3, stratum oriens",463,7ED04B
487,MEApd-c,"Medial amygdalar nucleus, posterodorsal part, sublayer c",426,80C0E2
488,ORBl6b,"Orbital area, lateral part, layer 6b",723,248A5E
489,islm,Major island of Calleja,754,80CDF8
490,bct,bulbocerebellar tract,1123,CCCCCC
491,MM,Medial mammillary nucleus,331,FF4C3E
492,ORB2/3,"Orbital area, layer 2/3",714,248A5E
493,STRv,Striatum ventral region,477,80CDF8
494,SCig-a,"Superior colliculus, motor related, intermediate gray layer, sublayer a",10,FF90FF
495,CA3sp,"Field CA3, pyramidal layer",463,66A83D
496,DP1,"Dorsal peduncular area, layer 1",814,A4DAA4
497,VIS6b,"Visual areas, layer 6b",669,08858C
498,BSTam,"Bed nuclei of the stria terminalis, anterior division, anteromedial area",359,B3C0DF
499,cct,cuneocerebellar tract,1123,CCCCCC
500,MO,Somatomotor areas,315,1F9D5A
501,VISpm4,"posteromedial visual area, layer 4",533,08858C
502,SUB,Subiculum,822,4FC244
503,SCig-b,"Superior colliculus, motor related, intermediate gray layer, sublayer b",10,FF90FF
504,CA3sr,"Field CA3, stratum radiatum",463,7ED04B
505,BSTdm,"Bed nuclei of the stria terminalis, anterior division, dorsomedial nucleus",359,B3C0DF
506,das,dorsal acoustic stria,948,CCCCCC
507,MOB,Main olfactory bulb,698,9AD2BD
508,ENTm2b,"Entorhinal area, medial part, dorsal zone, layer 2b",926,32B825
509,SUBd,"Subiculum, dorsal part",502,4FC244
510,SSp-ll6b,"Primary somatosensory area, lower limb, layer 6b",337,188064
511,SCig-c,"Superior colliculus, motor related, intermediate gray layer, sublayer c",10,FF90FF
512,CB,Cerebellum,8,F0F080
513,BSTfu,"Bed nuclei of the stria terminalis, anterior division, fusiform nucleus",359,B3C0DF
514,dc,dorsal column,932,CCCCCC
515,MPN,Medial preoptic nucleus,467,FF4C3E
516,ORB6b,"Orbital area, layer 6b",714,248A5E
517,TR1-3,"Postpiriform transition area, layers 1-3",566,A8ECD3
518,SUBv,"Subiculum, ventral part",502,4FC244
519,CBN,Cerebellar nuclei,512,F0F080
520,AUDv6a,"Ventral auditory area, layer 6a",1018,019399
521,BSTmg,"Bed nuclei of the stria terminalis, anterior division, magnocellular nucleus",359,B3C0DF
522,dcm,dorsal commissure of the spinal cord,932,CCCCCC
523,MPO,Medial preoptic area,141,FF5547
524,ORBm2,"Orbital area, medial part, layer 2",731,248A5E
525,SUM,Supramammillary nucleus,331,FF4C3E
526,ENTm1,"Entorhinal area, medial part, dorsal zone, layer 1",926,32B825
527,AUDd1,"Dorsal auditory area, layer 1",1011,019399
528,CBX,Cerebellar cortex,512,F0F080
529,BSTv,"Bed nuclei of the stria terminalis, anterior division, ventral nucleus",359,B3C0DF
530,df,dorsal fornix,1099,CCCCCC
531,MPT,Medial pretectal area,1100,FF90FF
532,PTLp1,"Posterior parietal association areas, layer 1",22,009FAC
533,VISpm,posteromedial visual area,669,08858C
534,SUT,Supratrigeminal nucleus,987,FFBA86
535,DP2,"Dorsal peduncular area, layer 2",814,A4DAA4
536,CEA,Central amygdalar nucleus,278,80C0E2
537,BSTal,"Bed nuclei of the stria terminalis, anterior division, anterolateral area",359,B3C0DF
538,lotd,dorsal limb,21,CCCCCC
539,MRNm,"Midbrain reticular nucleus, magnocellular part",128,FF90FF
540,PERI1,"Perirhinal area, layer 1",922,0E9684
541,TEa,Temporal association areas,315,15B0B3
542,RSPv1,"Retrosplenial area, ventral part, layer 1",886,1AA698
543,ENTm2,"Entorhinal area, medial part, dorsal zone, layer 2",926,32B825
544,CEAc,"Central amygdalar nucleus, capsular part",536,80C0E2
545,RSPd4,"Retrosplenial area, dorsal part, layer 4",879,1AA698
546,BSTju,"Bed nuclei of the stria terminalis, anterior division, juxtacapsular nucleus",359,B3C0DF
547,dlf,dorsal longitudinal fascicle,70,CCCCCC
548,MRNmg,"Midbrain reticular nucleus, magnocellular part, general",128,FF90FF
549,TH,Thalamus,1129,FF7080
550,ENTm5/6,"Entorhinal area, medial part, dorsal zone, layer 5/6",926,32B825
551,CEAl,"Central amygdalar nucleus, lateral part",536,80C0E2
552,PRNv,"Pontine reticular nucleus, ventral part",987,FFBA86
553,sctd,dorsal spinocerebellar tract,1123,CCCCCC
554,BSTov,"Bed nuclei of the stria terminalis, anterior division, oval nucleus",359,B3C0DF
555,MRNp,"Midbrain reticular nucleus, parvicellular part",128,FF90FF
556,ILA2/3,"Infralimbic area, layer 2/3",44,59B363
557,TM,Tuberomammillary nucleus,331,FF4C3E
558,SSp-n1,"Primary somatosensory area, nose, layer 1",353,188064
559,CEAm,"Central amygdalar nucleus, medial part",536,80C0E2
560,CNspg,"Cochlear nucleus, subpedunclular granular region",607,FFA5D2
561,VIS2/3,"Visual areas, layer 2/3",669,08858C
562,BSTrh,"Bed nuclei of the stria terminalis, anterior division, rhomboid nucleus",359,B3C0DF
563,dtt,dorsal tegmental tract,70,CCCCCC
564,MS,Medial septal nucleus,904,96A7D3
565,VISpm5,"posteromedial visual area, layer 5",533,08858C
566,TR,Postpiriform transition area,698,A8ECD3
567,CH,Cerebrum,8,B0F0FF
568,ACVI,Accessory abducens nucleus,370,FFB3D9
569,BSTd,"Bed nuclei of the stria terminalis, posterior division, dorsal nucleus",367,B3C0DF
570,dl,dorsolateral fascicle,932,CCCCCC
571,MTN,Midline group of the dorsal thalamus,856,FF909F
572,ACA1,"Anterior cingulate area, layer 1",31,40A666
573,VISl4,"Lateral visual area, layer 4",409,08858C
574,TRN,Tegmental reticular nucleus,987,FFBA86
575,CL,Central lateral nucleus of the thalamus,51,FF909F
576,ACVII,Accessory facial motor nucleus,370,FFB3D9
577,SSp-ul4,"Primary somatosensory area, upper limb, layer 4",369,188064
578,BSTpr,"Bed nuclei of the stria terminalis, posterior division, principal nucleus",367,B3C0DF
579,ec,external capsule,956,CCCCCC
580,NB,Nucleus of the brachium of the inferior colliculus,339,FF7AFF
581,TRS,Triangular nucleus of septum,826,96A7D3
582,ORBm2/3,"Orbital area, medial part, layer 2/3",731,248A5E
583,CLA,Claustrum,703,8ADA87
584,COApl1-2,"Cortical amygdalar area, posterior part, lateral zone, layers 1-2",655,61E7B7
585,BSTif,"Bed nuclei of the stria terminalis, posterior division, interfascicular nucleus",367,B3C0DF
586,fpr,fasciculus proprius,932,CCCCCC
587,ND,Nucleus of Darkschewitsch,795,FF90FF
588,ACAv1,"Anterior cingulate area, ventral part, layer 1",48,40A666
589,TT,Taenia tecta,698,62D09F
590,RSPv6a,"Retrosplenial area, ventral part, layer 6a",886,1AA698
591,CLI,Central linear nucleus raphe,165,FFA6FF
592,COApm1-2,"Cortical amygdalar area, posterior part, medial zone, layers 1-2",663,61E7B7
593,VISp1,"Primary visual area, layer 1",385,08858C
594,BSTtr,"Bed nuclei of the stria terminalis, posterior division, transverse nucleus",367,B3C0DF
595,fr,fasciculus retroflexus,1083,CCCCCC
596,NDB,Diagonal band nucleus,904,96A7D3
597,TTd,"Taenia tecta, dorsal part",589,62D09F
598,AUDv6b,"Ventral auditory area, layer 6b",1018,019399
599,CM,Central medial nucleus of the thalamus,51,FF909F
600,AUDd2/3,"Dorsal auditory area, layer 2/3",1011,019399
601,VISal6a,"Anterolateral visual area, layer 6a",402,08858C
602,BSTse,"Bed nuclei of the stria terminalis, posterior division, strial extension",367,B3C0DF
603,fi,fimbria,1099,CCCCCC
604,NI,Nucleus incertus,1117,FFC395
605,TTv,"Taenia tecta, ventral part",589,62D09F
606,RSPv2,"Retrosplenial area, ventral part, layer 2",886,1AA698
607,CN,Cochlear nuclei,386,FFA5D2
608,ORBvl6a,"Orbital area, ventrolateral part, layer 6a",746,248A5E
609,SPA,Subparafascicular area,864,FF8084
610,RSPd5,"Retrosplenial area, dorsal part, layer 5",879,1AA698
611,hbc,habenular commissure,1083,CCCCCC
612,NLL,Nucleus of the lateral lemniscus,1132,FFAE6F
613,VISl5,"Lateral visual area, layer 5",409,08858C
614,TU,Tuberal nucleus,290,F2483B
615,SNl,"Substantia nigra, lateral part",323,FF90FF
616,CUN,Cuneiform nucleus,323,FF90FF
617,MDc,"Mediodorsal nucleus of the thalamus, central part",362,FF909F
618,hc,hippocampal commissures,1099,CCCCCC
619,NLOT,Nucleus of the lateral olfactory tract,698,95E4C8
620,ORBm5,"Orbital area, medial part, layer 5",731,248A5E
621,V,Motor nucleus of trigeminal,987,FFBA86
622,RSPv6b,"Retrosplenial area, ventral part, layer 6b",886,1AA698
623,CNU,Cerebral nuclei,567,98D6F9
624,IPF,Interpeduncular fossa,1024,AAAAAA
625,SSp-ul5,"Primary somatosensory area, upper limb, layer 5",369,188064
626,MDl,"Mediodorsal nucleus of the thalamus, lateral part",362,FF909F
627,hht,hypothalamohypophysial tract,285,CCCCCC
628,NOT,Nucleus of the optic tract,1100,FF90FF
629,VAL,Ventral anterior-lateral complex of the thalamus,637,FF8084
630,ORBl5,"Orbital area, lateral part, layer 5",723,248A5E
631,COA,Cortical amygdalar area,698,61E7B7
632,DG-sg,"Dentate gyrus, granule cell layer",726,66A83D
633,cic,inferior colliculus commissure,948,CCCCCC
634,NPC,Nucleus of the posterior commissure,1100,FF90FF
635,PTLp4,"Posterior parietal association areas, layer 4",22,009FAC
636,MDm,"Mediodorsal nucleus of the thalamus, medial part",362,FF909F
637,VENT,Ventral group of the dorsal thalamus,864,FF8084
638,GU6a,"Gustatory areas, layer 6a",1057,009C75
639,COAa,"Cortical amygdalar area, anterior part",631,61E7B7
640,EV,Efferent vestibular nucleus,370,FFB3D9
641,ias,intermediate acoustic stria,948,CCCCCC
642,NTB,Nucleus of the trapezoid body,386,FFA5D2
643,AUDpo2/3,"Posterior auditory area, layer 2/3",1027,019399
644,MO6a,"Somatomotor areas, Layer 6a",500,1F9D5A
645,VERM,Vermal regions,528,FFFC91
646,DP5,"Dorsal peduncular area, layer 5",814,A4DAA4
647,COAp,"Cortical amygdalar area, posterior part",631,61E7B7
648,MOp5,"Primary motor area, Layer 5",985,1F9D5A
649,VISal6b,"Anterolateral visual area, layer 6b",402,08858C
650,jrb,juxtarestiform body,1123,CCCCCC
651,NTS,Nucleus of the solitary tract,386,FFA5D2
652,PVHpml,"Paraventricular hypothalamic nucleus, magnocellular division, posterior magnocellular part, lateral zone",103,FF5D50
653,VI,Abducens nucleus,370,FFB3D9
654,SSp-n4,"Primary somatosensory area, nose, layer 4",353,188064
655,COApl,"Cortical amygdalar area, posterior part, lateral zone",647,61E7B7
656,MOs1,"Secondary motor area, layer 1",993,1F9D5A
657,SSp-m2/3,"Primary somatosensory area, mouth, layer 2/3",345,188064
658,ll,lateral lemniscus,948,CCCCCC
659,NTSce,"Nucleus of the solitary tract, central part",651,FFA5D2
660,PVHpmm,"Paraventricular hypothalamic nucleus, magnocellular division, posterior magnocellular part, medial zone",103,FF5D50
661,VII,Facial motor nucleus,370,FFB3D9
662,GU6b,"Gustatory areas, layer 6b",1057,009C75
663,COApm,"Cortical amygdalar area, posterior part, medial zone",647,61E7B7
664,ENTm3,"Entorhinal area, medial part, dorsal zone, layer 3",926,32B825
665,lot,"lateral olfactory tract, body",21,CCCCCC
666,NTSco,"Nucleus of the solitary tract, commissural part",651,FFA5D2
667,FRP2/3,"Frontal pole, layer 2/3",184,268F45
668,DMHa,"Dorsomedial nucleus of the hypothalamus, anterior part",830,FF5547
669,VIS,Visual areas,315,08858C
670,SSp-tr2/3,"Primary somatosensory area, trunk, layer 2/3",361,188064
671,RSPagl1,"Retrosplenial area, lateral agranular part, layer 1",894,1AA698
672,CP,Caudoputamen,485,98D6F9
673,mp,mammillary peduncle,46,CCCCCC
674,NTSge,"Nucleus of the solitary tract, gelatinous part",651,FFA5D2
675,AIv6a,"Agranular insular area, ventral part, layer 6a",119,219866
676,DMHp,"Dorsomedial nucleus of the hypothalamus, posterior part",830,FF5547
677,VISC,Visceral area,315,11AD83
678,AUDd4,"Dorsal auditory area, layer 4",1011,019399
679,CS,Superior central nucleus raphe,1117,FFC395
680,ORBvl6b,"Orbital area, ventrolateral part, layer 6b",746,248A5E
681,mtg,mammillotegmental tract,46,CCCCCC
682,NTSl,"Nucleus of the solitary tract, lateral part",651,FFA5D2
683,PTLp5,"Posterior parietal association areas, layer 5",22,009FAC
684,DMHv,"Dorsomedial nucleus of the hypothalamus, ventral part",830,FF5547
685,VM,Ventral medial nucleus of the thalamus,637,FF8084
686,SSp6a,"Primary somatosensory area, layer 6a",322,188064
687,RSPv5,"Retrosplenial area, ventral part, layer 5",886,1AA698
688,CTX,Cerebral cortex,567,B0FFB8
689,VLPO,Ventrolateral preoptic nucleus,141,FF5547
690,mtt,mammillothalamic tract,46,CCCCCC
691,NTSm,"Nucleus of the solitary tract, medial part",651,FFA5D2
692,PERI5,"Perirhinal area, layer 5",922,0E9684
693,VMH,Ventromedial hypothalamic nucleus,467,FF4C3E
694,AIv2/3,"Agranular insular area, ventral part, layer 2/3",119,219866
695,CTXpl,Cortical plate,688,70FF70
696,AUDpo1,"Posterior auditory area, layer 1",1027,019399
697,ml,medial lemniscus,932,CCCCCC
698,OLF,Olfactory areas,695,9AD2BD
699,AIv6b,"Agranular insular area, ventral part, layer 6b",119,219866
700,AHNa,"Anterior hypothalamic nucleus, anterior part",88,FF4C3E
701,VNC,Vestibular nuclei,370,FFB3D9
702,SSp-n5,"Primary somatosensory area, nose, layer 5",353,188064
703,CTXsp,Cortical subplate,688,8ADA87
704,AIv1,"Agranular insular area, ventral part, layer 1",119,219866
705,mtV,midbrain tract of the trigeminal nerve,229,CCCCCC
706,OP,Olivary pretectal nucleus,1100,FF90FF
707,ILA1,"Infralimbic area, layer 1",44,59B363
708,AHNc,"Anterior hypothalamic nucleus, central part",88,FF4C3E
709,VP,Ventral posterior complex of the thalamus,637,FF8084
710,VIn,abducens nerve,967,CCCCCC
711,CU,Cuneate nucleus,720,FFA5D2
712,ENTm4,"Entorhinal area, medial part, dorsal zone, layer 4",926,32B825
713,per,perforant path,1099,CCCCCC
714,ORB,Orbital area,315,248A5E
715,ENTl2a,"Entorhinal area, lateral part, layer 2a",918,32B825
716,AHNd,"Anterior hypothalamic nucleus, dorsal part",88,FF4C3E
717,XIn,accessory spinal nerve,967,CCCCCC
718,VPL,Ventral posterolateral nucleus of the thalamus,709,FF8084
719,SSp6b,"Primary somatosensory area, layer 6b",322,188064
720,DCN,Dorsal column nuclei,386,FFA5D2
721,VISp4,"Primary visual area, layer 4",385,08858C
722,pvbt,periventricular bundle of the thalamus,1068,CCCCCC
723,ORBl,"Orbital area, lateral part",714,248A5E
724,AHNp,"Anterior hypothalamic nucleus, posterior part",88,FF4C3E
725,VPLpc,"Ventral posterolateral nucleus of the thalamus, parvicellular part",709,FF8084
726,DG,Dentate gyrus,1080,7ED04B
727,ENTm5,"Entorhinal area, medial part, dorsal zone, layer 5",926,32B825
728,arb,arbor vitae,960,CCCCCC
729,TEa6a,"Temporal association areas, layer 6a",541,15B0B3
730,PIS,pineal stalk,1083,CCCCCC
731,ORBm,"Orbital area, medial part",714,248A5E
732,MMme,"Medial mammillary nucleus, median part",491,FF4C3E
733,VPM,Ventral posteromedial nucleus of the thalamus,709,FF8084
734,DGcr,Dentate gyrus crest,726,7ED04B
735,AUDp1,"Primary auditory area, layer 1",1002,019399
736,ctb,central tegmental bundle,1000,CCCCCC
737,fxpo,postcommissural fornix,1099,CCCCCC
738,ORBv,"Orbital area, ventral part",714,248A5E
739,ACA5,"Anterior cingulate area, layer 5",31,40A666
740,MPNc,"Medial preoptic nucleus, central part",515,FF4C3E
741,VPMpc,"Ventral posteromedial nucleus of the thalamus, parvicellular part",709,FF8084
742,DGcr-mo,"Dentate gyrus crest, molecular layer",734,7ED04B
743,ENTm6,"Entorhinal area, medial part, dorsal zone, layer 6",926,32B825
744,cbc,cerebellar commissure,960,CCCCCC
745,fxprg,"precommissural fornix, general",1099,CCCCCC
746,ORBvl,"Orbital area, ventrolateral part",714,248A5E
747,ILA2,"Infralimbic area, layer 2",44,59B363
748,MPNl,"Medial preoptic nucleus, lateral part",515,FF4C3E
749,VTA,Ventral tegmental area,323,FF90FF
750,VISpl1,"Posterolateral visual area, layer 1",425,08858C
751,DGcr-po,"Dentate gyrus crest, polymorph layer",734,7ED04B
752,cbp,cerebellar peduncles,960,CCCCCC
753,pm,principal mammillary tract,46,CCCCCC
754,OT,Olfactory tubercle,493,80CDF8
755,AUDv2/3,"Ventral auditory area, layer 2/3",1018,019399
756,MPNm,"Medial preoptic nucleus, medial part",515,FF4C3E
757,VTN,Ventral tegmental nucleus,323,FF90FF
758,DGcr-sg,"Dentate gyrus crest, granule cell layer",734,7ED04B
759,AUDpo4,"Posterior auditory area, layer 4",1027,019399
760,epsc,cerebral nuclei related,1000,CCCCCC
761,VMHa,"Ventromedial hypothalamic nucleus, anterior part",693,FF4C3E
762,phpd,"propriohypothalamic pathways, dorsal",182,CCCCCC
763,OV,Vascular organ of the lamina terminalis,141,FF5547
764,ENTl2b,"Entorhinal area, lateral part, layer 2b",918,32B825
765,x,Nucleus x,370,FFB3D9
766,DGlb,Dentate gyrus lateral blade,726,7ED04B
767,MOs5,"Secondary motor area, layer 5",993,1F9D5A
768,mfbc,cerebrum related,991,CCCCCC
769,VMHc,"Ventromedial hypothalamic nucleus, central part",693,FF4C3E
770,phpl,"propriohypothalamic pathways, lateral",182,CCCCCC
771,P,Pons,1065,FF9B88
772,ACAv5,"Anterior cingulate area, ventral part, layer 5",48,40A666
773,XII,Hypoglossal nucleus,370,FFB3D9
774,RSPagl5,"Retrosplenial area, lateral agranular part, layer 5",894,1AA698
775,DGlb-mo,"Dentate gyrus lateral blade, molecular layer",766,7ED04B
776,cc,corpus callosum,983,CCCCCC
777,VMHdm,"Ventromedial hypothalamic nucleus, dorsomedial part",693,FF4C3E
778,VISp5,"Primary visual area, layer 5",385,08858C
779,phpm,"propriohypothalamic pathways, medial",182,CCCCCC
780,PA,Posterior amygdalar nucleus,703,97EC93
781,y,Nucleus y,370,FFB3D9
782,DGlb-po,"Dentate gyrus lateral blade, polymorph layer",766,7ED04B
783,AId6a,"Agranular insular area, dorsal part, layer 6a",104,219866
784,cst,corticospinal tract,983,CCCCCC
785,VMHvl,"Ventromedial hypothalamic nucleus, ventrolateral part",693,FF4C3E
786,TEa6b,"Temporal association areas, layer 6b",541,15B0B3
787,phpv,"propriohypothalamic pathways, ventral",182,CCCCCC
788,PAA,Piriform-amygdalar area,698,59DAAB
789,z,Nucleus z,386,FFA5D2
790,DGlb-sg,"Dentate gyrus lateral blade, granule cell layer",766,7ED04B
791,AUDpo5,"Posterior auditory area, layer 5",1027,019399
792,drt,dorsal roots,967,CCCCCC
793,SSp1,"Primary somatosensory area, layer 1",322,188064
794,sptV,spinal tract of the trigeminal nerve,229,CCCCCC
795,PAG,Periaqueductal gray,323,FF90FF
796,A13,Dopaminergic A13 group,797,F2483B
797,ZI,Zona incerta,290,F2483B
798,VIIn,facial nerve,967,CCCCCC
799,DGmb,Dentate gyrus medial blade,726,7ED04B
800,AIv5,"Agranular insular area, ventral part, layer 5",119,219866
801,VIS1,"Visual areas, layer 1",669,08858C
802,sm,stria medullaris,1083,CCCCCC
803,PAL,Pallidum,623,8599CC
804,FF,Fields of Forel,797,F2483B
805,VISpm1,"posteromedial visual area, layer 1",533,08858C
806,SSs2/3,"Supplemental somatosensory area, layer 2/3",378,188064
807,DGmb-mo,"Dentate gyrus medial blade, molecular layer",799,7ED04B
808,IXn,glossopharyngeal nerve,967,CCCCCC
809,PALc,"Pallidum, caudal region",803,B3C0DF
810,ACAv6a,"Anterior cingulate area, ventral part, 6a",48,40A666
811,ICc,"Inferior colliculus, central nucleus",4,FF7AFF
812,dscp,superior cerebellar peduncle decussation,326,CCCCCC
813,XIIn,hypoglossal nerve,967,CCCCCC
814,DP,Dorsal peduncular area,698,A4DAA4
815,DGmb-po,"Dentate gyrus medial blade, polymorph layer",799,7ED04B
816,AUDp4,"Primary auditory area, layer 4",1002,019399
817,supa,"supraoptic commissures, anterior",349,CCCCCC
818,PALd,"Pallidum, dorsal region",803,8599CC
819,ACAv6b,"Anterior cingulate area, ventral part, 6b",48,40A666
820,ICd,"Inferior colliculus, dorsal nucleus",4,FF7AFF
821,VISp2/3,"Primary visual area, layer 2/3",385,08858C
822,RHP,Retrohippocampal region,1089,32B825
823,DGmb-sg,"Dentate gyrus medial blade, granule cell layer",799,7ED04B
824,mfsbshy,hypothalamus related,991,CCCCCC
825,supd,"supraoptic commissures, dorsal",349,CCCCCC
826,PALm,"Pallidum, medial region",803,96A7D3
827,ILA5,"Infralimbic area, layer 5",44,59B363
828,ICe,"Inferior colliculus, external nucleus",4,FF7AFF
829,SUBd-m,"Subiculum, dorsal part, molecular layer",509,4FC244
830,DMH,Dorsomedial nucleus of the hypothalamus,141,FF5547
831,AId6b,"Agranular insular area, dorsal part, layer 6b",104,219866
832,IIIn,oculomotor nerve,967,CCCCCC
833,supv,"supraoptic commissures, ventral",349,CCCCCC
834,SCzo,"Superior colliculus, zonal layer",302,FF7AFF
835,PALv,"Pallidum, ventral region",803,A2B1D8
836,ECT1,Ectorhinal area/Layer 1,895,0D9F91
837,SUBd-sr,"Subiculum, dorsal part, stratum radiatum",509,4FC244
838,SSp-n2/3,"Primary somatosensory area, nose, layer 2/3",353,188064
839,DMX,Dorsal motor nucleus of the vagus nerve,370,FFB3D9
840,In,olfactory nerve,967,CCCCCC
841,tb,trapezoid body,948,CCCCCC
842,SCsg,"Superior colliculus, superficial gray layer",302,FF7AFF
843,PAR,Parasubiculum,822,72D569
844,MOp6a,"Primary motor area, Layer 6a",985,1F9D5A
845,SUBd-sp,"Subiculum, dorsal part, pyramidal layer",509,4BB547
846,DN,Dentate nucleus,519,FFFDBC
847,AUDp5,"Primary auditory area, layer 5",1002,019399
848,IIn,optic nerve,967,CCCCCC
849,VISC6b,"Visceral area, layer 6b",677,11AD83
850,uf,uncinate fascicle,326,CCCCCC
851,SCop,"Superior colliculus, optic layer",302,FF7AFF
852,PARN,Parvicellular reticular nucleus,370,FFB3D9
853,SUBv-m,"Subiculum, ventral part, molecular layer",518,4FC244
854,SSp-ul2/3,"Primary somatosensory area, upper limb, layer 2/3",369,188064
855,rst,retriculospinal tract,1000,CCCCCC
856,DORpm,"Thalamus, polymodal association cortex related",549,FF909F
857,VISC6a,"Visceral area, layer 6a",677,11AD83
858,vc,ventral commissure of the spinal cord,932,CCCCCC
859,PAS,Parasolitary nucleus,370,FFB3D9
860,PBlc,"Parabrachial nucleus, lateral division, central lateral part",881,FFAE6F
861,SUBv-sr,"Subiculum, ventral part, stratum radiatum",518,4FC244
862,SSs6a,"Supplemental somatosensory area, layer 6a",378,188064
863,rust,rubrospinal tract,1000,CCCCCC
864,DORsm,"Thalamus, sensory-motor cortex related",549,FF8084
865,SSp4,"Primary somatosensory area, layer 4",322,188064
866,sctv,ventral spinocerebellar tract,326,CCCCCC
867,PB,Parabrachial nucleus,1132,FFAE6F
868,PBld,"Parabrachial nucleus, lateral division, dorsal lateral part",881,FFAE6F
869,VISpl4,"Posterolateral visual area, layer 4",425,08858C
870,SUBv-sp,"Subiculum, ventral part, pyramidal layer",518,4BB547
871,sst,spinothalamic tract,967,CCCCCC
872,DR,Dorsal nucleus raphe,165,FFA6FF
873,SSs1,"Supplemental somatosensory area, layer 1",378,188064
874,PBG,Parabigeminal nucleus,339,FF7AFF
875,PBle,"Parabrachial nucleus, lateral division, external lateral part",881,FFAE6F
876,aot,accessory optic tract,848,CCCCCC
877,tsp,tectospinal pathway,1000,CCCCCC
878,SSp-m1,"Primary somatosensory area, mouth, layer 1",345,188064
879,RSPd,"Retrosplenial area, dorsal part",254,1AA698
880,DTN,Dorsal tegmental nucleus,987,FFBA86
881,PBl,"Parabrachial nucleus, lateral division",867,FFAE6F
882,MOp6b,"Primary motor area, Layer 6b",985,1F9D5A
883,PBls,"Parabrachial nucleus, lateral division, superior lateral part",881,FFAE6F
884,amc,amygdalar capsule,768,CCCCCC
885,tn,terminal nerve,967,CCCCCC
886,RSPv,"Retrosplenial area, ventral part",254,1AA698
887,ECO,Efferent cochlear group,370,FFB3D9
888,PERI2/3,"Perirhinal area, layer 2/3",922,0E9684
889,SSp-n6a,"Primary somatosensory area, nose, layer 6a",353,188064
890,PBm,"Parabrachial nucleus, medial division",867,FFAE6F
891,PBlv,"Parabrachial nucleus, lateral division, ventral lateral part",881,FFAE6F
892,apd,ansa peduncularis,768,CCCCCC
893,SSs6b,"Supplemental somatosensory area, layer 6b",378,188064
894,RSPagl,"Retrosplenial area, lateral agranular part",254,1AA698
895,ECT,Ectorhinal area,315,0D9F91
896,lfbst,thalamus related,983,CCCCCC
897,VISC1,"Visceral area, layer 1",677,11AD83
898,PCG,Pontine central gray,987,FFBA86
899,PBme,"Parabrachial nucleus, medial division, external medial part",890,FFAE6F
900,aco,"anterior commissure, olfactory limb",840,CCCCCC
901,Vn,trigeminal nerve,967,CCCCCC
902,VISpl5,"Posterolateral visual area, layer 5",425,08858C
903,ECU,External cuneate nucleus,386,FFA5D2
904,MSC,Medial septal complex,826,96A7D3
905,VISal2/3,"Anterolateral visual area, layer 2/3",402,08858C
906,RSPagl6a,"Retrosplenial area, lateral agranular part, layer 6a",894,1AA698
907,PCN,Paracentral nucleus,51,FF909F
908,act,"anterior commissure, temporal limb",768,CCCCCC
909,ENT,Entorhinal area,822,32B825
910,ORBm6a,"Orbital area, medial part, layer 6a",731,248A5E
911,IVn,trochlear nerve,967,CCCCCC
912,LING,Lingula (I),645,FFFC91
913,VIS4,"Visual areas, layer 4",669,08858C
914,PD,Posterodorsal preoptic nucleus,141,FF5547
915,PBmm,"Parabrachial nucleus, medial division, medial medial part",890,FFAE6F
916,bsc,brachium of the superior colliculus,848,CCCCCC
917,Xn,vagus nerve,967,CCCCCC
918,ENTl,"Entorhinal area, lateral part",909,32B825
919,ACAd6a,"Anterior cingulate area, dorsal part, layer 6a",39,40A666
920,CENT,Central lobule,645,FFFC91
921,SSp5,"Primary somatosensory area, layer 5",322,188064
922,PERI,Perirhinal area,315,0E9684
923,PBmv,"Parabrachial nucleus, medial division, ventral medial part",890,FFAE6F
924,cpd,cerebal peduncle,784,CCCCCC
925,vrt,ventral roots,967,CCCCCC
926,ENTm,"Entorhinal area, medial part, dorsal zone",909,32B825
927,ACAd6b,"Anterior cingulate area, dorsal part, layer 6b",39,40A666
928,CUL,Culmen,645,FFFC91
929,SSp-n6b,"Primary somatosensory area, nose, layer 6b",353,188064
930,PF,Parafascicular nucleus,51,FF909F
931,PG,Pontine gray,987,FFBA86
932,cett,cervicothalamic tract,792,CCCCCC
933,VIIIn,vestibulocochlear nerve,967,CCCCCC
934,ENTmv,"Entorhinal area, medial part, ventral zone",909,32B825
935,ACAd1,"Anterior cingulate area, dorsal part, layer 1",39,40A666
936,DEC,Declive (VI),645,FFFC91
937,VIS5,"Visual areas, layer 5",669,08858C
938,PGRN,Paragigantocellular reticular nucleus,370,FFB3D9
939,AMBd,"Nucleus ambiguus, dorsal division",135,FFB3D9
940,cing,cingulum bundle,768,CCCCCC
941,vsp,vestibulospinal pathway,1000,CCCCCC
942,EP,Endopiriform nucleus,703,A0EE9D
943,MOp2/3,"Primary motor area, Layer 2/3",985,1F9D5A
944,FOTU,Folium-tuber vermis (VII),645,FFFC91
945,SSp-ul6a,"Primary somatosensory area, upper limb, layer 6a",369,188064
946,PH,Posterior hypothalamic nucleus,467,FF4C3E
947,MO6b,"Somatomotor areas, Layer 6b",500,1F9D5A
948,cVIIIn,cochlear nerve,933,CCCCCC
949,von,vomeronasal nerve,967,CCCCCC
950,SSp-m4,"Primary somatosensory area, mouth, layer 4",345,188064
951,PYR,Pyramus (VIII),645,FFFC91
952,EPd,"Endopiriform nucleus, dorsal part",942,A0EE9D
953,PIN,Pineal body,958,FF909F
954,AUDp6a,"Primary auditory area, layer 6a",1002,019399
955,LRNm,"Lateral reticular nucleus, magnocellular part",235,FFB3D9
956,fa,"corpus callosum, anterior forceps",776,CCCCCC
957,UVU,Uvula (IX),645,FFFC91
958,EPI,Epithalamus,856,FF909F
959,AUDv1,"Ventral auditory area, layer 1",1018,019399
960,cbf,cerebellum related fiber tracts,1009,CCCCCC
961,PIR,Piriform area,698,6ACBBA
962,MOs2/3,"Secondary motor area, layer 2/3",993,1F9D5A
963,LRNp,"Lateral reticular nucleus, parvicellular part",235,FFB3D9
964,ee,"corpus callosum, extreme capsule",776,CCCCCC
965,RSPagl2/3,"Retrosplenial area, lateral agranular part, layer 2/3",894,1AA698
966,EPv,"Endopiriform nucleus, ventral part",942,A0EE9D
967,cm,cranial nerves,1009,CCCCCC
968,NOD,Nodulus (X),645,FFFC91
969,ORBvl1,"Orbital area, ventrolateral part, layer 1",746,248A5E
970,PGRNd,"Paragigantocellular reticular nucleus, dorsal part",938,FFB3D9
971,fp,"corpus callosum, posterior forceps",776,CCCCCC
972,PL,Prelimbic area,315,2FA850
973,VISl2/3,"Lateral visual area, layer 2/3",409,08858C
974,SSp-m5,"Primary somatosensory area, mouth, layer 5",345,188064
975,EW,Edinger-Westphal nucleus,323,FF90FF
976,CENT2,Lobule II,920,FFFC91
977,ECT6a,Ectorhinal area/Layer 6a,895,0D9F91
978,PGRNl,"Paragigantocellular reticular nucleus, lateral part",938,FFB3D9
979,ccr,"corpus callosum, rostrum",776,CCCCCC
980,PMd,Dorsal premammillary nucleus,467,FF4C3E
981,SSp-bfd1,"Primary somatosensory area, barrel field, layer 1",329,188064
982,FC,Fasciola cinerea,1080,7ED04B
983,lfbs,lateral forebrain bundle system,1009,CCCCCC
984,CENT3,Lobule III,920,FFFC91
985,MOp,Primary motor area,500,1F9D5A
986,ccs,"corpus callosum, splenium",776,CCCCCC
987,P-mot,"Pons, motor related",771,FFBA86
988,ECT5,Ectorhinal area/Layer 5,895,0D9F91
989,FN,Fastigial nucleus,519,FFFDBC
990,AUDv4,"Ventral auditory area, layer 4",1018,019399
991,mfbs,medial forebrain bundle system,1009,CCCCCC
992,CUL4,Lobule IV,928,FFFC91
993,MOs,Secondary motor area,500,1F9D5A
994,cbt,corticobulbar tract,784,CCCCCC
995,PMR,Paramedian reticular nucleus,370,FFB3D9
996,AId1,"Agranular insular area, dorsal part, layer 1",104,219866
997,root,root,,FFFFFF
998,FS,Fundus of striatum,493,80CDF8
999,ENTl2/3,"Entorhinal area, lateral part, layer 2/3",918,32B825
1000,eps,extrapyramidal fiber systems,1009,CCCCCC
1001,CUL5,Lobule V,928,FFFC91
1002,AUDp,Primary auditory area,247,019399
1003,cpt,corticopontine tract,784,CCCCCC
1004,PMv,Ventral premammillary nucleus,467,FF4C3E
1005,AUDp6b,"Primary auditory area, layer 6b",1002,019399
1006,SSp-tr1,"Primary somatosensory area, trunk, layer 1",361,188064
1007,SIM,Simple lobule,1073,FFFC91
1008,GENd,"Geniculate group, dorsal thalamus",864,FF8084
1009,fiber tracts,fiber tracts,997,CCCCCC
1010,VISC4,"Visceral area, layer 4",677,11AD83
1011,AUDd,Dorsal auditory area,247,019399
1012,crt,corticorubral tract,784,CCCCCC
1014,GENv,"Geniculate group, ventral thalamus",856,FF909F
1015,ACAd5,"Anterior cingulate area, dorsal part, layer 5",39,40A666
1016,onl,olfactory nerve layer of main olfactory bulb,840,CCCCCC
1017,AN,Ansiform lobule,1073,FFFC91
1018,AUDv,Ventral auditory area,247,019399
1019,cstc,"corticospinal tract, crossed",784,CCCCCC
1020,PO,Posterior complex of the thalamus,138,FF909F
1021,MOs6a,"Secondary motor area, layer 6a",993,1F9D5A
1022,GPe,"Globus pallidus, external segment",818,8599CC
1023,AUDv5,"Ventral auditory area, layer 5",1018,019399
1024,grv,grooves,997,AAAAAA
1025,PRM,Paramedian lobule,1073,FFFC91
1026,SSp-ul6b,"Primary somatosensory area, upper limb, layer 6b",369,188064
1027,AUDpo,Posterior auditory area,247,019399
1028,cstu,"corticospinal tract, uncrossed",784,CCCCCC
1029,POL,Posterior limiting nucleus of the thalamus,138,FF909F
1030,SSp-ll1,"Primary somatosensory area, lower limb, layer 1",337,188064
1031,GPi,"Globus pallidus, internal segment",818,8599CC
1032,grv of CTX,grooves of the cerebral cortex,1024,AAAAAA
1033,COPY,Copula pyramidis,1073,FFFC91
1034,TTd1,"Taenia tecta, dorsal part, layer 1",597,62D09F
1035,SSs4,"Supplemental somatosensory area, layer 4",378,188064
1036,cte,corticotectal tract,784,CCCCCC
1037,POST,Postsubiculum,822,48C83C
1038,SSp-bfd6a,"Primary somatosensory area, barrel field, layer 6a",329,188064
1039,GR,Gracile nucleus,720,FFA5D2
1040,grv of CBX,grooves of the cerebellar cortex,1024,AAAAAA
1041,PFL,Paraflocculus,1073,FFFC91
1042,TTd2,"Taenia tecta, dorsal part, layer 2",597,62D09F
1043,tspc,crossed tectospinal pathway,877,CCCCCC
1044,PP,Peripeduncular nucleus,864,FF8084
1045,ECT6b,Ectorhinal area/Layer 6b,895,0D9F91
1046,VISam6a,"Anteromedial visual area, layer 6a",394,08858C
1047,SSp-bfd4,"Primary somatosensory area, barrel field, layer 4",329,188064
1048,GRN,Gigantocellular reticular nucleus,370,FFB3D9
1049,FL,Flocculus,1073,FFFC91
1050,TTd3,"Taenia tecta, dorsal part, layer 3",597,62D09F
1051,tspd,direct tectospinal pathway,877,CCCCCC
1052,PPN,Pedunculopontine nucleus,348,FFA6FF
1053,ACA2/3,"Anterior cingulate area, layer 2/3",31,40A666
1054,ILA6a,"Infralimbic area, layer 6a",44,59B363
1055,eg,endorhinal groove,1032,AAAAAA
1056,ANcr1,Crus 1,1017,FFFC91
1057,GU,Gustatory areas,315,009C75
1058,VISC5,"Visceral area, layer 5",677,11AD83
1059,TTd4,"Taenia tecta, dorsal part, layer 4",597,62D09F
1060,dtd,doral tegmental decussation,877,CCCCCC
1061,PPT,Posterior pretectal nucleus,1100,FF90FF
1062,SSp-bfd6b,"Primary somatosensory area, barrel field, layer 6b",329,188064
1063,hf,hippocampal fissure,1032,AAAAAA
1064,ANcr2,Crus 2,1017,FFFC91
1065,HB,Hindbrain,343,FF9B88
1066,VISam2/3,"Anteromedial visual area, layer 2/3",394,08858C
1067,TTv1,"Taenia tecta, ventral part, layer 1",605,62D09F
1068,mfbst,dorsal thalamus related,824,CCCCCC
1069,PPY,Parapyramidal nucleus,370,FFB3D9
1070,SSp-bfd5,"Primary somatosensory area, barrel field, layer 5",329,188064
1071,rf,rhinal fissure,1032,AAAAAA
1072,MGd,"Medial geniculate complex, dorsal part",475,FF8084
1073,HEM,Hemispheric regions,528,FFFC91
1074,VISal1,"Anterolateral visual area, layer 1",402,08858C
1075,TTv2,"Taenia tecta, ventral part, layer 2",605,62D09F
1076,cvb,efferent cochleovestibular bundle,933,CCCCCC
1077,PR,Perireunensis nucleus,444,FF909F
1078,ri,rhinal incisure,1032,AAAAAA
1079,MGv,"Medial geniculate complex, ventral part",475,FF8084
1080,HIP,Hippocampal region,1089,7ED04B
1081,ILA6b,"Infralimbic area, layer 6b",44,59B363
1082,TTv3,"Taenia tecta, ventral part, layer 3",605,62D09F
1083,mfbse,epithalamus related,824,CCCCCC
1084,PRE,Presubiculum,822,59B947
1085,MOs6b,"Secondary motor area, layer 6b",993,1F9D5A
1086,SSp-tr4,"Primary somatosensory area, trunk, layer 4",361,188064
1087,pce,precentral fissure,1040,AAAAAA
1088,MGm,"Medial geniculate complex, medial part",475,FF8084
1089,HPF,Hippocampal formation,695,7ED04B
1090,SSs5,"Supplemental somatosensory area, layer 5",378,188064
1091,"CUL4, 5",Lobules IV-V,928,FFFC91
1092,em,external medullary lamina of the thalamus,896,CCCCCC
1093,PRNc,"Pontine reticular nucleus, caudal part",987,FFBA86
1094,SSp-ll4,"Primary somatosensory area, lower limb, layer 4",337,188064
1095,pcf,preculminate fissure,1040,AAAAAA
1096,AMd,"Anteromedial nucleus, dorsal part",127,FF909F
1097,HY,Hypothalamus,1129,E64438
1098,MDRNd,"Medullary reticular nucleus, dorsal part",395,FFB3D9
1099,fxs,fornix system,768,CCCCCC
1100,PRT,Pretectal region,323,FF90FF
1101,AId5,"Agranular insular area, dorsal part, layer 5",104,219866
1102,SSp-m6a,"Primary somatosensory area, mouth, layer 6a",345,188064
1103,pri,primary fissure,1040,AAAAAA
1104,AMv,"Anteromedial nucleus, ventral part",127,FF909F
1105,IA,Intercalated amygdalar nucleus,278,80C0E2
1106,VISC2/3,"Visceral area, layer 2/3",677,11AD83
1107,MDRNv,"Medullary reticular nucleus, ventral part",395,FFB3D9
1108,ccg,genu of corpus callosum,776,CCCCCC
1109,PS,Parastrial nucleus,141,FF5547
1110,SUMl,"Supramammillary nucleus, lateral part",525,FF4C3E
1111,SSp-tr5,"Primary somatosensory area, trunk, layer 5",361,188064
1112,psf,posterior superior fissure,1040,AAAAAA
1113,IAD,Interanterodorsal nucleus of the thalamus,239,FF909F
1114,VISal4,"Anterolateral visual area, layer 4",402,08858C
1116,gVIIn,genu of the facial nerve,798,CCCCCC
1117,P-sat,"Pons, behavioral state related",771,FFC395
1118,SUMm,"Supramammillary nucleus, medial part",525,FF4C3E
1119,ppf,prepyramidal fissure,1040,AAAAAA
1120,IAM,Interanteromedial nucleus of the thalamus,239,FF909F
1121,ENTl1,"Entorhinal area, lateral part, layer 1",918,32B825
1123,icp,inferior cerebellar peduncle,752,CCCCCC
1124,PSCH,Suprachiasmatic preoptic nucleus,141,FF5547
1125,ORBvl5,"Orbital area, ventrolateral part, layer 5",746,248A5E
1126,TMd,"Tuberomammillary nucleus, dorsal part",557,FF4C3E
1127,TEa2/3,"Temporal association areas, layer 2/3",541,15B0B3
1128,SSp-ll5,"Primary somatosensory area, lower limb, layer 5",337,188064
1129,IB,Interbrain,343,FF7080
1131,iVIIn,intermediate nerve,798,CCCCCC
1132,P-sen,"Pons, sensory related",771,FFAE6F
1133,ENTmv5/6,"Entorhinal area, medial part, ventral zone, layer 5/6",934,32B825
1139,NLOT3,"Nucleus of the lateral olfactory tract, layer 3",619,95E4C8
1140,TR1,"Postpiriform transition area, layers 1",566,A8ECD3
1141,TR2,"Postpiriform transition area, layers 2",566,A8ECD3
1142,TR3,"Postpiriform transition area, layers 3",566,A8ECD3
1143,CBXgr,"Cerebellar cortex, granular layer",528,ECE754
1144,CBXmo,"Cerebellar cortex, molecular layer",528,FFFC91
1145,CBXpu,"Cerebellar cortex, Purkinje layer",528,FFFC91
10671,ME,Median eminence,1097,F2483B
10672,SIMgr,"Simple lobule, granular layer",1007,ECE754
10673,SIMpu,"Simple lobule, Purkinje layer",1007,FFFC91
10674,SIMmo,"Simple lobule, molecular layer",1007,FFFC91
10675,ANcr1gr,"Crus 1, granular layer",1056,ECE754
10676,ANcr1pu,"Crus 1, Purkinje layer",1056,FFFC91
10677,ANcr1mo,"Crus 1, molecular layer",1056,FFFC91
10678,ANcr2gr,"Crus 2, granular layer",1064,ECE754
10679,ANcr2pu,"Crus 2, Purkinje layer",1064,FFFC91
10680,ANcr2mo,"Crus 2, molecular layer",1064,FFFC91
10681,PRMgr,"Paramedian lobule, granular layer",1025,ECE754
10682,PRMpu,"Paramedian lobule, Purkinje layer",1025,FFFC91
10683,PRMmo,"Paramedian lobule, molecular layer",1025,FFFC91
10684,COPYgr,"Copula pyramidis, granular layer",1033,ECE754
10685,COPYpu,"Copula pyramidis, Purkinje layer",1033,FFFC91
10686,COPYmo,"Copula pyramidis, molecular layer",1033,FFFC91
10687,PFLgr,"Paraflocculus, granular layer",1041,ECE754
10688,PFLpu,"Paraflocculus, Purkinje layer",1041,FFFC91
10689,PFLmo,"Paraflocculus, molecular layer",1041,FFFC91
10690,FLgr,"Flocculus, granular layer",1049,ECE754
10691,FLpu,"Flocculus, Purkinje layer",1049,FFFC91
10692,FLmo,"Flocculus, molecular layer",1049,FFFC91
10693,PAR1,"Parasubiculum, layer 1",843,72D569
10694,PAR2,"Parasubiculum, layer 2",843,72D569
10695,PAR3,"Parasubiculum, layer 3",843,72D569
10696,POST1,"Postsubiculum, layer 1",1037,48C83C
10697,POST2,"Postsubiculum, layer 2",1037,48C83C
10698,POST3,"Postsubiculum, layer 3",1037,48C83C
10699,PRE1,"Presubiculum, layer 1",1084,59B947
10700,PRE2,"Presubiculum, layer 2",1084,59B947
10701,PRE3,"Presubiculum, layer 3",1084,59B947
10702,DG-sgz,"Dentate gyrus, subgranular zone",726,7ED04B
10703,DG-mo,"Dentate gyrus, molecular layer",726,7ED04B
10704,DG-po,"Dentate gyrus, polymorph layer",726,7ED04B
10705,LINGgr,"Lingula (I), granular layer",912,ECE754
10706,LINGpu,"Lingula (I), Purkinje layer",912,FFFC91
10707,LINGmo,"Lingula (I), molecular layer",912,FFFC91
10708,CENT2gr,"Lobule II, granular layer",976,ECE754
10709,CENT2pu,"Lobule II, Purkinje layer",976,FFFC91
10710,CENT2mo,"Lobule II, molecular layer",976,FFFC91
10711,CENT3gr,"Lobule III, granular layer",984,ECE754
10712,CENT3pu,"Lobule III, Purkinje layer",984,FFFC91
10713,CENT3mo,"Lobule III, molecular layer",984,FFFC91
10714,CUL4gr,"Lobule IV, granular layer",992,ECE754
10715,CUL4pu,"Lobule IV, Purkinje layer",992,FFFC91
10716,CUL4mo,"Lobule IV, molecular layer",992,FFFC91
10717,CUL5gr,"Lobule V, granular layer",1001,ECE754
10718,CUL5pu,"Lobule V, Purkinje layer",1001,FFFC91
10719,CUL5mo,"Lobule V, molecular layer",1001,FFFC91
10720,"CUL4, 5gr","Lobules IV-V, granular layer",1091,ECE754
10721,"CUL4, 5pu","Lobules IV-V, Purkinje layer",1091,FFFC91
10722,"CUL4, 5mo","Lobules IV-V, molecular layer",1091,FFFC91
10723,DECgr,"Declive (VI), granular layer",936,ECE754
10724,DECpu,"Declive (VI), Purkinje layer",936,FFFC91
10725,DECmo,"Declive (VI), molecular layer",936,FFFC91
10726,FOTUgr,"Folium-tuber vermis (VII), granular layer",944,ECE754
10727,FOTUpu,"Folium-tuber vermis (VII), Purkinje layer",944,FFFC91
10728,FOTUmo,"Folium-tuber vermis (VII), molecular layer",944,FFFC91
10729,PYRgr,"Pyramus (VIII), granular layer",951,ECE754
10730,PYRpu,"Pyramus (VIII), Purkinje layer",951,FFFC91
10731,PYRmo,"Pyramus (VIII), molecular layer",951,FFFC91
10732,UVUgr,"Uvula (IX), granular layer",957,ECE754
10733,UVUpu,"Uvula (IX), Purkinje layer",957,FFFC91
10734,UVUmo,"Uvula (IX), molecular layer",957,FFFC91
10735,NODgr,"Nodulus (X), granular layer",968,ECE754
10736,NODpu,"Nodulus (X), Purkinje layer",968,FFFC91
10737,NODmo,"Nodulus (X), molecular layer",968,FFFC91
12993,SS1,"Somatosensory areas, layer 1",453,188064
12994,SS2/3,"Somatosensory areas, layer 2/3",453,188064
12995,SS4,"Somatosensory areas, layer 4",453,188064
12996,SS5,"Somatosensory areas, layer 5",453,188064
12997,SS6a,"Somatosensory areas, layer 6a",453,188064
12998,SS6b,"Somatosensory areas, layer 6b",453,188064
182305689,SSp-un,"Primary somatosensory area, unassigned",322,188064
182305693,SSp-un1,"Primary somatosensory area, unassigned, layer 1",182305689,188064
182305697,SSp-un2/3,"Primary somatosensory area, unassigned, layer 2/3",182305689,188064
182305701,SSp-un4,"Primary somatosensory area, unassigned, layer 4",182305689,188064
182305705,SSp-un5,"Primary somatosensory area, unassigned, layer 5",182305689,188064
182305709,SSp-un6a,"Primary somatosensory area, unassigned, layer 6a",182305689,188064
182305713,SSp-un6b,"Primary somatosensory area, unassigned, layer 6b",182305689,188064
304325711,retina,retina,997,7F2E7E
312782546,VISa,Anterior area,22,009FAC
312782550,VISa1,"Anterior area, layer 1",312782546,009FAC
312782554,VISa2/3,"Anterior area, layer 2/3",312782546,009FAC
312782558,VISa4,"Anterior area, layer 4",312782546,009FAC
312782562,VISa5,"Anterior area, layer 5",312782546,009FAC
312782566,VISa6a,"Anterior area, layer 6a",312782546,009FAC
312782570,VISa6b,"Anterior area, layer 6b",312782546,009FAC
312782574,VISli,Laterointermediate area,669,08858C
312782578,VISli1,"Laterointermediate area, layer 1",312782574,08858C
312782582,VISli2/3,"Laterointermediate area, layer 2/3",312782574,08858C
312782586,VISli4,"Laterointermediate area, layer 4",312782574,08858C
312782590,VISli5,"Laterointermediate area, layer 5",312782574,08858C
312782594,VISli6a,"Laterointermediate area, layer 6a",312782574,08858C
312782598,VISli6b,"Laterointermediate area, layer 6b",312782574,08858C
312782604,VISrl1,"Rostrolateral area, layer 1",417,009FAC
312782608,VISrl2/3,"Rostrolateral area, layer 2/3",417,009FAC
312782612,VISrl4,"Rostrolateral area, layer 4",417,009FAC
312782616,VISrl5,"Rostrolateral area, layer 5",417,009FAC
312782620,VISrl6a,"Rostrolateral area, layer 6a",417,009FAC
312782624,VISrl6b,"Rostrolateral area, layer 6b",417,009FAC
312782628,VISpor,Postrhinal area,669,08858C
312782632,VISpor1,"Postrhinal area, layer 1",312782628,08858C
312782636,VISpor2/3,"Postrhinal area, layer 2/3",312782628,08858C
312782640,VISpor4,"Postrhinal area, layer 4",312782628,08858C
312782644,VISpor5,"Postrhinal area, layer 5",312782628,08858C
312782648,VISpor6a,"Postrhinal area, layer 6a",312782628,08858C
312782652,VISpor6b,"Postrhinal area, layer 6b",312782628,08858C
480149202,VISrll,Rostrolateral lateral visual area,329,188064
480149206,VISrll1,"Rostrolateral lateral visual area, layer 1",480149202,188064
480149210,VISrll2/3,"Rostrolateral lateral visual area, layer 2/3",480149202,188064
480149214,VISrll4,"Rostrolateral lateral visual area, layer 4",480149202,188064
480149218,VISrll5,"Rostrolateral lateral visual area,layer 5",480149202,188064
480149222,VISrll6a,"Rostrolateral lateral visual area, layer 6a",480149202,188064
480149226,VISrll6b,"Rostrolateral lateral visual area, layer 6b",480149202,188064
480149230,VISlla,Laterolateral anterior visual area,1011,019399
480149234,VISlla1,"Laterolateral anterior visual area, layer 1",480149230,019399
480149238,VISlla2/3,"Laterolateral anterior visual area, layer 2/3",480149230,019399
480149242,VISlla4,"Laterolateral anterior visual area, layer 4",480149230,019399
480149246,VISlla5,"Laterolateral anterior visual area,layer 5",480149230,019399
480149250,VISlla6a,"Laterolateral anterior visual area, layer 6a",480149230,019399
480149254,VISlla6b,"Laterolateral anterior visual area, layer 6b",480149230,019399
480149258,VISmma,Mediomedial anterior visual area,894,1AA698
480149262,VISmma1,"Mediomedial anterior visual area, layer 1",480149258,1AA698
480149266,VISmma2/3,"Mediomedial anterior visual area, layer 2/3",480149258,1AA698
480149270,VISmma4,"Mediomedial anterior visual area, layer 4",480149258,1AA698
480149274,VISmma5,"Mediomedial anterior visual area,layer 5",480149258,1AA698
480149278,VISmma6a,"Mediomedial anterior visual area, layer 6a",480149258,1AA698
480149282,VISmma6b,"Mediomedial anterior visual area, layer 6b",480149258,1AA698
480149286,VISmmp,Mediomedial posterior visual area,894,1AA698
480149290,VISmmp1,"Mediomedial posterior visual area, layer 1",480149286,1AA698
480149294,VISmmp2/3,"Mediomedial posterior visual area, layer 2/3",480149286,1AA698
480149298,VISmmp4,"Mediomedial posterior visual area, layer 4",480149286,1AA698
480149302,VISmmp5,"Mediomedial posterior visual area,layer 5",480149286,1AA698
480149306,VISmmp6a,"Mediomedial posterior visual area, layer 6a",480149286,1AA698
480149310,VISmmp6b,"Mediomedial posterior visual area, layer 6b",480149286,1AA698
480149314,VISm,Medial visual area,894,1AA698
480149318,VISm1,"Medial visual area, layer 1",480149314,1AA698
480149322,VISm2/3,"Medial visual area, layer 2/3",480149314,1AA698
480149326,VISm4,"Medial visual area, layer 4",480149314,1AA698
480149330,VISm5,"Medial visual area,layer 5",480149314,1AA698
480149334,VISm6a,"Medial visual area, layer 6a",480149314,1AA698
480149338,VISm6b,"Medial visual area, layer 6b",480149314,1AA698
484682470,ProS,Prosubiculum,822,58BA48
484682475,ProSd,"Prosubiculum, dorsal part",484682470,58BA48
484682479,ProSd-m,"Prosubiculum, dorsal part, molecular layer",484682475,58BA48
484682483,ProSd-sp,"Prosubiculum, dorsal part, pyramidal layer",484682475,56B84B
484682487,ProSd-sr,"Prosubiculum, dorsal part, stratum radiatum",484682475,58BA48
484682492,ProSv,"Prosubiculum, ventral part",484682470,58BA48
484682496,ProSv-m,"Prosubiculum, ventral part, molecular layer",484682492,58BA48
484682500,ProSv-sp,"Prosubiculum, ventral part, pyramidal layer",484682492,56B84B
484682504,Prosv-sr,"Prosubiculum, ventral part, stratum radiatum",484682492,58BA48
484682508,APr,Area prostriata,822,33B932
484682512,scwm,supra-callosal cerebral white matter,1009,CCCCCC
484682516,ccb,"corpus callosum, body",776,CCCCCC
484682520,or,optic radiation,896,CCCCCC
484682524,ar,auditory radiation,896,CCCCCC
484682528,stc,commissural branch of stria terminalis,301,CCCCCC
496345664,LGd-sh,"Dorsal part of the lateral geniculate complex, shell",170,FF8084
496345668,LGd-co,"Dorsal part of the lateral geniculate complex, core",170,FF8084
496345672,LGd-ip,"Dorsal part of the lateral geniculate complex, ipsilateral zone",170,FF8084
526157192,FRP5,"Frontal pole, layer 5",184,268F45
526157196,FRP6a,"Frontal pole, layer 6a",184,268F45
526322264,FRP6b,"Frontal pole, layer 6b",184,268F45
527696977,ORBm6b,"Orbital area, medial part, layer 6b",731,248A5E
549009199,LSS,Lateral strip of striatum,493,80CDF8
549009203,RPF,Retroparafascicular nucleus,1100,FF90FF
549009207,InCo,Intercollicular nucleus,323,FF90FF
549009211,MA3,Medial accesory oculomotor nucleus,323,FF90FF
549009215,P5,Peritrigeminal zone,987,FFBA86
549009219,Acs5,Accessory trigeminal nucleus,987,FFBA86
549009223,PC5,Parvicellular motor 5 nucleus,987,FFBA86
549009227,I5,Intertrigeminal nucleus,987,FFBA86
560581551,Eth,Ethmoid nucleus of the thalamus,138,FF909F
560581555,REth,Retroethmoid nucleus,138,FF909F
560581559,Xi,Xiphoid thalamic nucleus,571,FF909F
560581563,PIL,Posterior intralaminar thalamic nucleus,51,FF909F
563807435,PoT,Posterior triangular thalamic nucleus,637,FF8084
563807439,IntG,Intermediate geniculate nucleus,1014,FF909F
576073699,VMPO,Ventromedial preoptic nucleus,141,FF5547
576073704,PeF,Perifornical nucleus,290,F2483B
589508447,HATA,Hippocampo-amygdalar transition area,822,33B932
589508451,Pa5,Paratrigeminal nucleus,386,FFA5D2
589508455,VeCB,Vestibulocerebellar nucleus,519,FFFDBC
599626923,SCO,Subcommissural organ,339,FF7AFF
599626927,PDTg,Posterodorsal tegmental nucleus,987,FFBA86
606826647,MMl,"Medial mammillary nucleus, lateral part",491,FF4C3E
606826651,MMm,"Medial mammillary nucleus, medial part",491,FF4C3E
606826655,MMp,"Medial mammillary nucleus, posterior part",491,FF4C3E
606826659,MMd,"Medial mammillary nucleus, dorsal part",491,FF4C3E
606826663,Pa4,Paratrochlear nucleus,323,FF90FF
607344830,PN,Paranigral nucleus,323,FF90FF
607344834,IPR,"Interpeduncular nucleus, rostral",100,FFA6FF
607344838,IPC,"Interpeduncular nucleus, caudal",100,FFA6FF
607344842,IPA,"Interpeduncular nucleus, apical",100,FFA6FF
607344846,IPL,"Interpeduncular nucleus, lateral",100,FFA6FF
607344850,IPI,"Interpeduncular nucleus, intermediate",100,FFA6FF
607344854,IPDM,"Interpeduncular nucleus, dorsomedial",100,FFA6FF
607344858,IPDL,"Interpeduncular nucleus, dorsolateral",100,FFA6FF
607344862,IPRL,"Interpeduncular nucleus, rostrolateral",100,FFA6FF
614454277,Su3,Supraoculomotor periaqueductal gray,795,FF90FF
